{"VALE5":9957.91141385686,"CSNA3":7.001399009639321,"PETR4":18.113640396431837,"GOLL4":2.8260027961610318e-8,"GOAU4":9.480984725810478e-9,"GGBR4":4.3729007033296835e-9,"USIM5":9.254799710028721e-9}